<?xml version="1.0" encoding="UTF-8" standalone="yes"?>
<accordo-servizio-parte-comune xmlns="http://www.openspcoop2.org/core/registry" service-binding="rest" nome="syntax" descrizione="Syntax rules manager" profilo-collaborazione="sincrono" formato-specifica="openApi3" utilizzo-senza-azione="true" filtro-duplicati="disabilitato" conferma-ricezione="disabilitato" id-collaborazione="disabilitato" id-riferimento-richiesta="disabilitato" consegna-in-ordine="disabilitato" ora-registrazione="2025-04-17T16:52:50.863+02:00" versione="1">
    <soggetto-referente tipo="modipa" nome="@OPENSPCOOP2_NOME_SOGGETTO_DEFAULT@"/>
    <resource nome="GET_changeset.schema.status" descrizione="Returns an on-the-fly snapshot status for the given timeframe" path="/changeset/schema/status" method="GET" filtro-duplicati="disabilitato" conferma-ricezione="disabilitato" id-collaborazione="disabilitato" id-riferimento-richiesta="disabilitato" consegna-in-ordine="disabilitato">
        <request>
            <parameter nome="lastUpdate" parameter-type="query" required="false" tipo="date-time" restrizioni="type=string; format=date-time; style=form; explode=true"/>
        </request>
        <response descrizione="Status retrieved" status="200">
            <representation media-type="application/json" nome="response_GET__changeset_schema_status_200_application_json" representation-type="json">
                <json tipo="ChangeSetResDTO"/>
            </representation>
        </response>
        <response descrizione="I parametri forniti non sono validi" status="400">
            <representation media-type="application/problem+json" nome="response_GET__changeset_schema_status_400_application_problem+json" representation-type="json">
                <json tipo="ErrorResponseDTO"/>
            </representation>
        </response>
        <response descrizione="Internal Server Error" status="500">
            <representation media-type="application/problem+json" nome="response_GET__changeset_schema_status_500_application_problem+json" representation-type="json">
                <json tipo="ErrorResponseDTO"/>
            </representation>
        </response>
    </resource>
    <resource nome="GET_schema.id.id" descrizione="Retrieves the document matching the given identifier" path="/schema/id/{id}" method="GET" filtro-duplicati="disabilitato" conferma-ricezione="disabilitato" id-collaborazione="disabilitato" id-riferimento-richiesta="disabilitato" consegna-in-ordine="disabilitato">
        <request>
            <parameter nome="id" descrizione="Document identifier" parameter-type="dynamicPath" required="true" tipo="string" restrizioni="type=string; minLength=1; maxLength=255; style=simple; explode=false"/>
        </request>
        <response descrizione="Documenti trovati sul database" status="200">
            <representation media-type="application/json" nome="response_GET__schema_id_{id}_200_application_json" representation-type="json">
                <json tipo="GetDocByIdResDTO"/>
            </representation>
        </response>
        <response descrizione="I parametri forniti non sono validi" status="400">
            <representation media-type="application/problem+json" nome="response_GET__schema_id_{id}_400_application_problem+json" representation-type="json">
                <json tipo="ErrorResponseDTO"/>
            </representation>
        </response>
        <response descrizione="Documenti non trovati sul database" status="404">
            <representation media-type="application/problem+json" nome="response_GET__schema_id_{id}_404_application_problem+json" representation-type="json">
                <json tipo="ErrorResponseDTO"/>
            </representation>
        </response>
        <response descrizione="Internal Server Error" status="500">
            <representation media-type="application/problem+json" nome="response_GET__schema_id_{id}_500_application_problem+json" representation-type="json">
                <json tipo="ErrorResponseDTO"/>
            </representation>
        </response>
    </resource>
    <protocol-property name="modipaSecurityChannelProfile" value="idac02"/>
    <protocol-property name="modipaSecurityMessageProfile" value="-"/>
    <protocol-property name="modipaSecurityMessageSorgenteToken"/>
    <protocol-property name="modipaSecurityMessageHeaderName"/>
    <protocol-property name="modipaSecurityMessageHeaderCustomName"/>
    <protocol-property name="modipaSecurityMessageHeaderCustomMode"/>
    <protocol-property name="modipaSecurityMessageConfig"/>
    <protocol-property name="modipaSecurityMessageRequestDigest" boolean-value="false"/>
    <protocol-property name="modipaSecurityMessageCorniceSicurezza" boolean-value="false"/>
    <protocol-property name="modipaSecurityRequest"/>
    <protocol-property name="modipaSecurityRequestContentType"/>
    <protocol-property name="modipaSecurityResponse"/>
    <protocol-property name="modipaSecurityResponseContentType"/>
    <protocol-property name="modipaSecurityResponseReturnCode"/>
    <protocol-property name="modipaSecurityMessageCorniceSicurezzaPattern"/>
    <protocol-property name="modipaSecurityMessageCorniceSicurezzaSchema"/>
    <protocol-property name="modipaSecurityMessageCorniceSicurezzaOpzionale" boolean-value="false"/>
    <gruppi>
        <gruppo nome="FSE"/>
    </gruppi>
    <proprieta-oggetto utente-richiedente="amministratore" data-creazione="2025-04-17T16:52:50.844+02:00"/>
</accordo-servizio-parte-comune>
