<?xml version="1.0" encoding="UTF-8" standalone="yes"?>
<accordo-servizio-parte-comune xmlns="http://www.openspcoop2.org/core/registry" service-binding="rest" nome="semantic" descrizione="Handles all the queries for schematrons towards the EDS microservice" profilo-collaborazione="sincrono" formato-specifica="openApi3" utilizzo-senza-azione="true" filtro-duplicati="disabilitato" conferma-ricezione="disabilitato" id-collaborazione="disabilitato" id-riferimento-richiesta="disabilitato" consegna-in-ordine="disabilitato" ora-registrazione="2025-04-17T17:01:02.052+02:00" versione="1">
    <soggetto-referente tipo="modipa" nome="@OPENSPCOOP2_NOME_SOGGETTO_DEFAULT@"/>
    <resource nome="GET_changeset.schematron.status" descrizione="Creazione lista ChangeSet degli Schematron" path="/changeset/schematron/status" method="GET" filtro-duplicati="disabilitato" conferma-ricezione="disabilitato" id-collaborazione="disabilitato" id-riferimento-richiesta="disabilitato" consegna-in-ordine="disabilitato">
        <request>
            <parameter nome="lastUpdate" parameter-type="query" required="false" tipo="date-time" restrizioni="type=string; format=date-time; style=form; explode=true"/>
        </request>
        <response descrizione="Operazione eseguita correttamente" status="200">
            <representation media-type="application/json" nome="response_GET__changeset_schematron_status_200_application_json" representation-type="json">
                <json tipo="ChangeSetResDTO"/>
            </representation>
        </response>
        <response descrizione="Bad Request" status="400">
            <representation media-type="application/problem+json" nome="response_GET__changeset_schematron_status_400_application_problem+json" representation-type="json">
                <json tipo="ErrorResponseDTO"/>
            </representation>
        </response>
        <response descrizione="Internal Server Error" status="500">
            <representation media-type="application/problem+json" nome="response_GET__changeset_schematron_status_500_application_problem+json" representation-type="json">
                <json tipo="ErrorResponseDTO"/>
            </representation>
        </response>
    </resource>
    <resource nome="GET_schematron.id.id" descrizione="Servizio che consente di ritornare uno Schematron dalla base dati dati il suo ID." path="/schematron/id/{id}" method="GET" filtro-duplicati="disabilitato" conferma-ricezione="disabilitato" id-collaborazione="disabilitato" id-riferimento-richiesta="disabilitato" consegna-in-ordine="disabilitato">
        <request>
            <parameter nome="id" parameter-type="dynamicPath" required="true" tipo="string" restrizioni="type=string; minLength=0; maxLength=100; style=simple; explode=false"/>
        </request>
        <response descrizione="Richiesta Schematron avvenuta con successo" status="200">
            <representation media-type="application/json" nome="response_GET__schematron_id_{id}_200_application_json" representation-type="json">
                <json tipo="SchematronDocumentDTO"/>
            </representation>
        </response>
        <response descrizione="I parametri forniti non sono validi" status="400">
            <representation media-type="application/problem+json" nome="response_GET__schematron_id_{id}_400_application_problem+json" representation-type="json">
                <json tipo="ErrorResponseDTO"/>
            </representation>
        </response>
        <response descrizione="Schematron non trovato sul database" status="404">
            <representation media-type="application/problem+json" nome="response_GET__schematron_id_{id}_404_application_problem+json" representation-type="json">
                <json tipo="ErrorResponseDTO"/>
            </representation>
        </response>
        <response descrizione="Internal Server Error" status="500">
            <representation media-type="application/problem+json" nome="response_GET__schematron_id_{id}_500_application_problem+json" representation-type="json">
                <json tipo="ErrorResponseDTO"/>
            </representation>
        </response>
    </resource>
    <protocol-property name="modipaSecurityChannelProfile" value="idac02"/>
    <protocol-property name="modipaSecurityMessageProfile" value="-"/>
    <protocol-property name="modipaSecurityMessageSorgenteToken"/>
    <protocol-property name="modipaSecurityMessageHeaderName"/>
    <protocol-property name="modipaSecurityMessageHeaderCustomName"/>
    <protocol-property name="modipaSecurityMessageHeaderCustomMode"/>
    <protocol-property name="modipaSecurityMessageConfig"/>
    <protocol-property name="modipaSecurityMessageRequestDigest" boolean-value="false"/>
    <protocol-property name="modipaSecurityMessageCorniceSicurezza" boolean-value="false"/>
    <protocol-property name="modipaSecurityRequest"/>
    <protocol-property name="modipaSecurityRequestContentType"/>
    <protocol-property name="modipaSecurityResponse"/>
    <protocol-property name="modipaSecurityResponseContentType"/>
    <protocol-property name="modipaSecurityResponseReturnCode"/>
    <protocol-property name="modipaSecurityMessageCorniceSicurezzaPattern"/>
    <protocol-property name="modipaSecurityMessageCorniceSicurezzaSchema"/>
    <protocol-property name="modipaSecurityMessageCorniceSicurezzaOpzionale" boolean-value="false"/>
    <gruppi>
        <gruppo nome="FSE"/>
    </gruppi>
    <proprieta-oggetto utente-richiedente="amministratore" data-creazione="2025-04-17T17:01:02.027+02:00"/>
</accordo-servizio-parte-comune>
