<?xml version="1.0" encoding="UTF-8" standalone="yes"?>
<ns2:porta-applicativa xmlns:ns2="http://www.openspcoop2.org/core/config" nome="__modipa_@OPENSPCOOP2_NOME_SOGGETTO@/modipa_gateway/v1__Specific1" descrizione="Internal Implementation 'Specific1' for modipa_@OPENSPCOOP2_NOME_SOGGETTO@/modipa_gateway/v1" ricevuta-asincrona-simmetrica="abilitato" ricevuta-asincrona-asimmetrica="abilitato" allega-body="disabilitato" scarta-body="disabilitato" autenticazione="ssl" autenticazione-opzionale="disabilitato" autorizzazione="none" autorizzazione-contenuto="builtIn" ricerca-porta-azione-delegata="disabilitato" stato="abilitato">
    <ns2:servizio tipo="modipa" nome="gateway" versione="1"/>
    <ns2:azione identificazione="delegatedBy" nome-porta-delegante="modipa_@OPENSPCOOP2_NOME_SOGGETTO@/modipa_gateway/v1" force-interface-based="disabilitato">
        <ns2:azione-delegata>GET_status</ns2:azione-delegata>
        <ns2:azione-delegata>GET_status.search.traceId</ns2:azione-delegata>
        <ns2:azione-delegata>GET_status.workflowInstanceId</ns2:azione-delegata>
    </ns2:azione>
    <ns2:servizio-applicativo nome="modipa_@OPENSPCOOP2_NOME_SOGGETTO@/modipa_gateway/v1"/>
    <ns2:proprieta-autorizzazione-contenuto nome="#C_0#_#1. Il key usage dei certificati deve essere coerente con l’utilizzo" valore=" "/>
    <ns2:proprieta-autorizzazione-contenuto nome="${securityToken:channel.certificate.hasKeyUsage(KEY_ENCIPHERMENT)}" valore="true"/>
    <ns2:proprieta-autorizzazione-contenuto nome="${securityToken:channel.certificate.hasKeyUsage(DIGITAL_SIGNATURE)}" valore="true"/>
    <ns2:proprieta-autorizzazione-contenuto nome="${securityToken:modi.authorization.certificate.hasKeyUsage(NON_REPUDIATION)}" valore="true"/>
    <ns2:proprieta-autorizzazione-contenuto nome="#C_1#_#" valore=" "/>
    <ns2:proprieta-autorizzazione-contenuto nome="#C_2#_#2. Verifica che nel campo CertificatePolicy ci sia il campo previsto nell’emissione dei certificati secondo quanto riportato nei paragrafi successivi" valore=" "/>
    <ns2:proprieta-autorizzazione-contenuto nome="${securityToken:channel.certificate.hasCertificatePolicy(1.3.76.29.1.10)}" valore="true,false"/>
    <ns2:proprieta-autorizzazione-contenuto nome="${securityToken:modi.authorization.certificate.hasCertificatePolicy(1.3.76.29.1.11)}" valore="true,false"/>
    <ns2:proprieta-autorizzazione-contenuto nome="#C_3#_#" valore=" "/>
    <ns2:proprieta-autorizzazione-contenuto nome="#C_4#_#3. verifica di che il contenuto dei claim sub e aud sia lo stesso nel JWT modiPA e nel FSE-JWT-Signature." valore=" "/>
    <ns2:proprieta-autorizzazione-contenuto nome="#C_5#_#   NOTA: Viene controllato solo l'audience per le operazioni 'status'" valore=" "/>
    <ns2:proprieta-autorizzazione-contenuto nome="${securityToken:modi.authorization.payloadClaim(aud)}" valore="https://@GATEWAY_ID_AMBIENTE@/govway/rest/in/FSE/gateway/v1"/>
    <ns2:proprieta-autorizzazione-contenuto nome="#C_6#_#" valore=" "/>
    <ns2:proprieta-autorizzazione-contenuto nome="#C_7#_#4.verifica che nel campo iss del token modiPA sia riportata la stringa auth:CN  (CN del certificato di firma)" valore=" "/>
    <ns2:proprieta-autorizzazione-contenuto nome="${securityToken:modi.authorization.payloadClaim(iss)}" valore="auth:${securityToken:modi.authorization.certificate.subject.info(CN)}"/>
    <ns2:proprieta-autorizzazione-contenuto nome="#C_8#_#" valore=" "/>
    <ns2:proprieta-autorizzazione-contenuto nome="#C_9#_#7. Il valore contenuto nel campo OID 2.5.4.97 organizationIdentifier del certificato di firma e del certificato TLS deve essere lo stesso" valore=" "/>
    <ns2:proprieta-autorizzazione-contenuto nome="#C_10#_#!! DEPRECATO !!" valore=" "/>
    <ns2:proprieta-autorizzazione-contenuto nome="#C_11#_#${securityToken:modi.authorization.certificate.subject.info(ORGANIZATION_IDENTIFIER)}=${securityToken:channel.certificate.subject.info(ORGANIZATION_IDENTIFIER)}" valore=" "/>
    <ns2:proprieta-autorizzazione-contenuto nome="#C_12#_#" valore=" "/>
    <ns2:proprieta-autorizzazione-contenuto nome="#C_13#_#8. Il valore contenuto nel campo CN deve essere coerente nel certificato di firma e di autenticazione nei soli primi 3 caratteri dopo il #. Tali caratteri rappresentano la Regione di provenienza." valore=" "/>
    <ns2:proprieta-autorizzazione-contenuto nome="#C_14#_#   Inoltre come indicato via mail i 3 caratteri dopo il '#' possono assumere caratteri alfanumerici identificati da questa espressione: [A-Za-z0-9]" valore=" "/>
    <ns2:proprieta-autorizzazione-contenuto nome="#C_15#_#   I caratteri iniziali riportati nell'esempio sono 'S&lt;numero&gt;#' per il certificato di firma e 'A&lt;numero&gt;#' per il certificato di autenticazione." valore=" "/>
    <ns2:proprieta-autorizzazione-contenuto nome="${securityToken:channel.certificate.subject.CN}" valore="${regExpMatch:A[0-9]+#[A-Za-z0-9][A-Za-z0-9][A-Za-z0-9].*}"/>
    <ns2:proprieta-autorizzazione-contenuto nome="${securityToken:modi.authorization.certificate.subject.CN}" valore="${regExpMatch:S[0-9]+#[A-Za-z0-9][A-Za-z0-9][A-Za-z0-9].*}"/>
    <ns2:proprieta-autorizzazione-contenuto nome="${securityToken:modi.authorization.certificate.subject.CN(&quot;S[0-9]+#([A-Za-z0-9][A-Za-z0-9][A-Za-z0-9]).*&quot;)}" valore="${securityToken:channel.certificate.subject.CN(&quot;A[0-9]+#([A-Za-z0-9][A-Za-z0-9][A-Za-z0-9]).*&quot;)}"/>
    <ns2:proprieta-autorizzazione-contenuto nome="#C_16#_#8.1 Verifica della regione di provenienza." valore=" "/>
    <ns2:proprieta-autorizzazione-contenuto nome="#C_17#_# Basta verificare un solo certificato poichè nella regola 8 viene verificata che le 3 cifre siano identiche" valore=" "/>
    <ns2:proprieta-autorizzazione-contenuto nome="${securityToken:channel.certificate.subject.CN(&quot;A[0-9]+#([A-Za-z0-9][A-Za-z0-9][A-Za-z0-9]).*&quot;)}" valore="@GATEWAY_CAMPO_REGIONE@"/>
    <ns2:proprieta nome="validation.openApi4j.validateMultipartOptimization" valore="true"/>
    <ns2:validazione-contenuti-applicativi stato="abilitato" tipo="interface" accept-mtom-message="disabilitato"/>
    <ns2:correlazione-applicativa-risposta>
        <ns2:elemento nome="" identificazione="contentBased" pattern="$.traceID" identificazione-fallita="accetta"/>
    </ns2:correlazione-applicativa-risposta>
    <ns2:trasformazioni>
        <ns2:regola nome="GovWay-ModI-Info" posizione="1" stato="disabilitato">
            <ns2:richiesta conversione="false">
                <ns2:header conversione-tipo="add" nome="GovWay-ModI-Info" valore="${securityToken:accessToken.payload}" identificazione-fallita="blocca"/>
            </ns2:richiesta>
        </ns2:regola>
    </ns2:trasformazioni>
    <ns2:proprieta-oggetto utente-richiedente="amministratore" data-creazione="2025-02-20T15:57:09.530+01:00" utente-ultima-modifica="amministratore" data-ultima-modifica="2025-02-20T15:58:53.285+01:00"/>
</ns2:porta-applicativa>
