<?xml version="1.0" encoding="UTF-8" standalone="yes"?>
<accordo-servizio-parte-comune xmlns="http://www.openspcoop2.org/core/registry" service-binding="rest" nome="structured-log" descrizione="Log ingestion" profilo-collaborazione="sincrono" formato-specifica="openApi3" utilizzo-senza-azione="true" filtro-duplicati="disabilitato" conferma-ricezione="disabilitato" id-collaborazione="disabilitato" id-riferimento-richiesta="disabilitato" consegna-in-ordine="disabilitato" ora-registrazione="2025-04-17T16:34:40.990+02:00" versione="1">
    <soggetto-referente tipo="modipa" nome="@OPENSPCOOP2_NOME_SOGGETTO_DEFAULT@"/>
    <resource nome="POST_log" descrizione="Inserimento log strutturato" path="/log" method="POST" filtro-duplicati="disabilitato" conferma-ricezione="disabilitato" id-collaborazione="disabilitato" id-riferimento-richiesta="disabilitato" consegna-in-ordine="disabilitato">
        <request>
            <representation media-type="application/json" nome="request_POST__log_application_json" representation-type="json">
                <json tipo="request_POST__log_application_json"/>
            </representation>
        </request>
        <response descrizione="default" status="-2">
            <representation media-type="application/problem+json" nome="response_POST__log_default_application_problem+json" representation-type="json">
                <json tipo="ErrorResponseDTO"/>
            </representation>
        </response>
        <response descrizione="Inserimento log strutturato" status="201">
            <representation media-type="application/json" nome="response_POST__log_201_application_json" representation-type="json">
                <json tipo="ResponseDTO"/>
            </representation>
        </response>
        <response descrizione="Bad Request" status="400">
            <representation media-type="application/problem+json" nome="response_POST__log_400_application_problem+json" representation-type="json">
                <json tipo="ErrorResponseDTO"/>
            </representation>
        </response>
        <response descrizione="Internal Server Error" status="500">
            <representation media-type="application/problem+json" nome="response_POST__log_500_application_problem+json" representation-type="json">
                <json tipo="ErrorResponseDTO"/>
            </representation>
        </response>
    </resource>
    <protocol-property name="modipaSecurityChannelProfile" value="idac02"/>
    <protocol-property name="modipaSecurityMessageProfile" value="-"/>
    <protocol-property name="modipaSecurityMessageSorgenteToken"/>
    <protocol-property name="modipaSecurityMessageHeaderName"/>
    <protocol-property name="modipaSecurityMessageHeaderCustomName"/>
    <protocol-property name="modipaSecurityMessageHeaderCustomMode"/>
    <protocol-property name="modipaSecurityMessageConfig"/>
    <protocol-property name="modipaSecurityMessageRequestDigest" boolean-value="false"/>
    <protocol-property name="modipaSecurityMessageCorniceSicurezza" boolean-value="false"/>
    <protocol-property name="modipaSecurityRequest"/>
    <protocol-property name="modipaSecurityRequestContentType"/>
    <protocol-property name="modipaSecurityResponse"/>
    <protocol-property name="modipaSecurityResponseContentType"/>
    <protocol-property name="modipaSecurityResponseReturnCode"/>
    <protocol-property name="modipaSecurityMessageCorniceSicurezzaPattern"/>
    <protocol-property name="modipaSecurityMessageCorniceSicurezzaSchema"/>
    <protocol-property name="modipaSecurityMessageCorniceSicurezzaOpzionale" boolean-value="false"/>
    <gruppi>
        <gruppo nome="FSE"/>
    </gruppi>
    <proprieta-oggetto utente-richiedente="amministratore" data-creazione="2025-04-17T16:34:40.932+02:00"/>
</accordo-servizio-parte-comune>
