<?xml version="1.0" encoding="UTF-8" standalone="yes"?>
<accordo-servizio-parte-comune xmlns="http://www.openspcoop2.org/core/registry" service-binding="rest" nome="transform-fhir" descrizione="Handles all the queries for transform towards the EDS microservice" profilo-collaborazione="sincrono" formato-specifica="openApi3" utilizzo-senza-azione="true" filtro-duplicati="disabilitato" conferma-ricezione="disabilitato" id-collaborazione="disabilitato" id-riferimento-richiesta="disabilitato" consegna-in-ordine="disabilitato" ora-registrazione="2025-04-17T16:58:05.042+02:00" versione="1">
    <soggetto-referente tipo="modipa" nome="@OPENSPCOOP2_NOME_SOGGETTO_DEFAULT@"/>
    <resource nome="GET_changeset.transform.status" descrizione="a check about Transform" path="/changeset/transform/status" method="GET" filtro-duplicati="disabilitato" conferma-ricezione="disabilitato" id-collaborazione="disabilitato" id-riferimento-richiesta="disabilitato" consegna-in-ordine="disabilitato">
        <request>
            <parameter nome="lastUpdate" parameter-type="query" required="false" tipo="date-time" restrizioni="type=string; format=date-time; style=form; explode=true"/>
        </request>
        <response descrizione="Documents uploaded" status="200">
            <representation media-type="application/json" nome="response_GET__changeset_transform_status_200_application_json" representation-type="json">
                <json tipo="ChangeSetResDTO"/>
            </representation>
        </response>
        <response descrizione="Invalid parameters" status="400">
            <representation media-type="application/problem+json" nome="response_GET__changeset_transform_status_400_application_problem+json" representation-type="json">
                <json tipo="ErrorResponseDTO"/>
            </representation>
        </response>
        <response descrizione="Internal Server Error" status="500">
            <representation media-type="application/problem+json" nome="response_GET__changeset_transform_status_500_application_problem+json" representation-type="json">
                <json tipo="ErrorResponseDTO"/>
            </representation>
        </response>
    </resource>
    <resource nome="GET_transform.id.id" descrizione="Operation to replace transform by id" path="/transform/id/{id}" method="GET" filtro-duplicati="disabilitato" conferma-ricezione="disabilitato" id-collaborazione="disabilitato" id-riferimento-richiesta="disabilitato" consegna-in-ordine="disabilitato">
        <request>
            <parameter nome="id" parameter-type="dynamicPath" required="true" tipo="string" restrizioni="type=string; minLength=0; maxLength=1000; style=simple; explode=false"/>
        </request>
        <response descrizione="Richiesta avvenuta con successo" status="200">
            <representation media-type="application/json" nome="response_GET__transform_id_{id}_200_application_json" representation-type="json">
                <json tipo="GetDocByIdResDTO"/>
            </representation>
        </response>
        <response descrizione="I parametri forniti non sono validi" status="400">
            <representation media-type="application/problem+json" nome="response_GET__transform_id_{id}_400_application_problem+json" representation-type="json">
                <json tipo="ErrorResponseDTO"/>
            </representation>
        </response>
        <response descrizione="Risorsa non trovata" status="404">
            <representation media-type="application/problem+json" nome="response_GET__transform_id_{id}_404_application_problem+json" representation-type="json">
                <json tipo="ErrorResponseDTO"/>
            </representation>
        </response>
        <response descrizione="Internal Server Error" status="500">
            <representation media-type="application/problem+json" nome="response_GET__transform_id_{id}_500_application_problem+json" representation-type="json">
                <json tipo="ErrorResponseDTO"/>
            </representation>
        </response>
    </resource>
    <protocol-property name="modipaSecurityChannelProfile" value="idac02"/>
    <protocol-property name="modipaSecurityMessageProfile" value="-"/>
    <protocol-property name="modipaSecurityMessageSorgenteToken"/>
    <protocol-property name="modipaSecurityMessageHeaderName"/>
    <protocol-property name="modipaSecurityMessageHeaderCustomName"/>
    <protocol-property name="modipaSecurityMessageHeaderCustomMode"/>
    <protocol-property name="modipaSecurityMessageConfig"/>
    <protocol-property name="modipaSecurityMessageRequestDigest" boolean-value="false"/>
    <protocol-property name="modipaSecurityMessageCorniceSicurezza" boolean-value="false"/>
    <protocol-property name="modipaSecurityRequest"/>
    <protocol-property name="modipaSecurityRequestContentType"/>
    <protocol-property name="modipaSecurityResponse"/>
    <protocol-property name="modipaSecurityResponseContentType"/>
    <protocol-property name="modipaSecurityResponseReturnCode"/>
    <protocol-property name="modipaSecurityMessageCorniceSicurezzaPattern"/>
    <protocol-property name="modipaSecurityMessageCorniceSicurezzaSchema"/>
    <protocol-property name="modipaSecurityMessageCorniceSicurezzaOpzionale" boolean-value="false"/>
    <gruppi>
        <gruppo nome="FSE"/>
    </gruppi>
    <proprieta-oggetto utente-richiedente="amministratore" data-creazione="2025-04-17T16:58:05.018+02:00"/>
</accordo-servizio-parte-comune>
