<?xml version="1.0" encoding="UTF-8" standalone="yes"?>
<fruitore xmlns="http://www.openspcoop2.org/core/registry" tipo="modipa" nome="" ora-registrazione="2025-04-17T16:54:54.502+02:00">
    <connettore tipo="https" nome="CNT_SF_modipa/@OPENSPCOOP2_NOME_SOGGETTO@_modipa/FSE_modipa/syntax/1">
        <property nome="debug" valore="false"/>
        <property nome="location" valore="https://@FSE_ID_AMBIENTE@/govway/rest/in/FSE/syntax/v1"/>
        <property nome="sslType" valore="TLSv1.3"/>
        <property nome="hostnameVerifier" valore="true"/>
        <property nome="trustAllCerts" valore="false"/>
	<property nome="trustStoreLocation" valore="/etc/govway/truststore/@FSE_TRUSTSTORE_PATH@"/>
        <property nome="trustStoreType" valore="jks"/>
        <!--<property nome="trustStorePassword" valore="@FSE_TRUSTSTORE_PASSWORD@"/>-->
        <property nome="trustManagementAlgorithm" valore="PKIX"/>
        <property nome="keyManagementAlgorithm" valore="SunX509"/>
        <property nome="keyStoreLocation" valore="/etc/govway/keystore/@FSE_KEYSTORE_PATH@"/>
        <property nome="keyStoreType" valore="@FSE_KEYSTORE_TYPE@"/>
        <!--<property nome="keyStorePassword" valore="@FSE_KEYSTORE_PASSWORD@"/>-->
        <!--<property nome="keyPassword" valore="@FSE_KEYSTORE_PASSWORD@"/>-->
    </connettore>
    <proprieta-oggetto utente-richiedente="amministratore" data-creazione="2025-04-17T16:54:54.545+02:00"/>
</fruitore>
