<?xml version="1.0" encoding="UTF-8" standalone="yes"?>
<accordo-servizio-parte-comune xmlns="http://www.openspcoop2.org/core/registry" service-binding="rest" nome="dictionary" descrizione="Manages terminologies for FSE" profilo-collaborazione="sincrono" formato-specifica="openApi3" utilizzo-senza-azione="true" filtro-duplicati="disabilitato" conferma-ricezione="disabilitato" id-collaborazione="disabilitato" id-riferimento-richiesta="disabilitato" consegna-in-ordine="disabilitato" ora-registrazione="2025-04-17T17:02:59.939+02:00" versione="1">
    <soggetto-referente tipo="modipa" nome="@OPENSPCOOP2_NOME_SOGGETTO_DEFAULT@"/>
    <resource nome="GET_changeset.terminology.chunks" descrizione="Restituisce un on-the-fly snapshot per l'istante temporale richiesto (chunked)" path="/changeset/terminology/chunks" method="GET" filtro-duplicati="disabilitato" conferma-ricezione="disabilitato" id-collaborazione="disabilitato" id-riferimento-richiesta="disabilitato" consegna-in-ordine="disabilitato">
        <request>
            <parameter nome="lastUpdate" parameter-type="query" required="false" tipo="date-time" restrizioni="type=string; format=date-time; maxLength=50; style=form; explode=true"/>
        </request>
        <response descrizione="Status recuperato correttamente" status="200">
            <representation media-type="application/json" nome="response_GET__changeset_terminology_chunks_200_application_json" representation-type="json">
                <json tipo="ChangeSetChunkDTO"/>
            </representation>
        </response>
        <response descrizione="I parametri forniti non sono validi" status="400">
            <representation media-type="application/problem+json" nome="response_GET__changeset_terminology_chunks_400_application_problem+json" representation-type="json">
                <json tipo="ErrorResponseDTO"/>
            </representation>
        </response>
        <response descrizione="Errore interno del server" status="500">
            <representation media-type="application/problem+json" nome="response_GET__changeset_terminology_chunks_500_application_problem+json" representation-type="json">
                <json tipo="ErrorResponseDTO"/>
            </representation>
        </response>
    </resource>
    <resource nome="GET_changeset.terminology.chunks.del.id.idx" descrizione="Servizio che consente di restituire le terminologie presenti nel chunk di un dato snapshot." path="/changeset/terminology/chunks/del/{id}/{idx}" method="GET" filtro-duplicati="disabilitato" conferma-ricezione="disabilitato" id-collaborazione="disabilitato" id-riferimento-richiesta="disabilitato" consegna-in-ordine="disabilitato">
        <request>
            <parameter nome="id" descrizione="Identificatore documento (snapshot)" parameter-type="dynamicPath" required="true" tipo="string" restrizioni="type=string; minLength=0; maxLength=2147483647; style=simple; explode=false"/>
            <parameter nome="idx" descrizione="Indice chunk richiesto (eg. 0, 1, 2...)" parameter-type="dynamicPath" required="true" tipo="int32" restrizioni="type=integer; format=int32; minimum=0; maximum=2147483647; style=simple; explode=false"/>
        </request>
        <response descrizione="Richiesta terminologie avvenuta con successo" status="200">
            <representation media-type="application/json" nome="response_GET__changeset_terminology_chunks_del_{id}_{idx}_200_application_json" representation-type="json">
                <json tipo="GetTermsDelDTO"/>
            </representation>
        </response>
        <response descrizione="I parametri forniti non sono validi" status="400">
            <representation media-type="application/problem+json" nome="response_GET__changeset_terminology_chunks_del_{id}_{idx}_400_application_problem+json" representation-type="json">
                <json tipo="ErrorResponseDTO"/>
            </representation>
        </response>
        <response descrizione="Chunk richiesto non presente" status="404">
            <representation media-type="application/problem+json" nome="response_GET__changeset_terminology_chunks_del_{id}_{idx}_404_application_problem+json" representation-type="json">
                <json tipo="ErrorResponseDTO"/>
            </representation>
        </response>
        <response descrizione="Errore interno del server" status="500">
            <representation media-type="application/problem+json" nome="response_GET__changeset_terminology_chunks_del_{id}_{idx}_500_application_problem+json" representation-type="json">
                <json tipo="ErrorResponseDTO"/>
            </representation>
        </response>
    </resource>
    <resource nome="GET_changeset.terminology.chunks.ins.id.idx" descrizione="Servizio che consente di restituire le terminologie presenti nel chunk di un dato snapshot." path="/changeset/terminology/chunks/ins/{id}/{idx}" method="GET" filtro-duplicati="disabilitato" conferma-ricezione="disabilitato" id-collaborazione="disabilitato" id-riferimento-richiesta="disabilitato" consegna-in-ordine="disabilitato">
        <request>
            <parameter nome="id" descrizione="Identificatore documento (snapshot)" parameter-type="dynamicPath" required="true" tipo="string" restrizioni="type=string; minLength=0; maxLength=10000; style=simple; explode=false"/>
            <parameter nome="idx" descrizione="Indice chunk richiesto (eg. 0, 1, 2...)" parameter-type="dynamicPath" required="true" tipo="int32" restrizioni="type=integer; format=int32; minimum=0; maximum=2147483647; style=simple; explode=false"/>
        </request>
        <response descrizione="Richiesta terminologie avvenuta con successo" status="200">
            <representation media-type="application/json" nome="response_GET__changeset_terminology_chunks_ins_{id}_{idx}_200_application_json" representation-type="json">
                <json tipo="GetTermsInsDTO"/>
            </representation>
        </response>
        <response descrizione="I parametri forniti non sono validi" status="400">
            <representation media-type="application/problem+json" nome="response_GET__changeset_terminology_chunks_ins_{id}_{idx}_400_application_problem+json" representation-type="json">
                <json tipo="ErrorResponseDTO"/>
            </representation>
        </response>
        <response descrizione="Chunk richiesto non presente" status="404">
            <representation media-type="application/problem+json" nome="response_GET__changeset_terminology_chunks_ins_{id}_{idx}_404_application_problem+json" representation-type="json">
                <json tipo="ErrorResponseDTO"/>
            </representation>
        </response>
        <response descrizione="Errore interno del server" status="500">
            <representation media-type="application/problem+json" nome="response_GET__changeset_terminology_chunks_ins_{id}_{idx}_500_application_problem+json" representation-type="json">
                <json tipo="ErrorResponseDTO"/>
            </representation>
        </response>
    </resource>
    <protocol-property name="modipaSecurityChannelProfile" value="idac02"/>
    <protocol-property name="modipaSecurityMessageProfile" value="-"/>
    <protocol-property name="modipaSecurityMessageSorgenteToken"/>
    <protocol-property name="modipaSecurityMessageHeaderName"/>
    <protocol-property name="modipaSecurityMessageHeaderCustomName"/>
    <protocol-property name="modipaSecurityMessageHeaderCustomMode"/>
    <protocol-property name="modipaSecurityMessageConfig"/>
    <protocol-property name="modipaSecurityMessageRequestDigest" boolean-value="false"/>
    <protocol-property name="modipaSecurityMessageCorniceSicurezza" boolean-value="false"/>
    <protocol-property name="modipaSecurityRequest"/>
    <protocol-property name="modipaSecurityRequestContentType"/>
    <protocol-property name="modipaSecurityResponse"/>
    <protocol-property name="modipaSecurityResponseContentType"/>
    <protocol-property name="modipaSecurityResponseReturnCode"/>
    <protocol-property name="modipaSecurityMessageCorniceSicurezzaPattern"/>
    <protocol-property name="modipaSecurityMessageCorniceSicurezzaSchema"/>
    <protocol-property name="modipaSecurityMessageCorniceSicurezzaOpzionale" boolean-value="false"/>
    <gruppi>
        <gruppo nome="FSE"/>
    </gruppi>
    <proprieta-oggetto utente-richiedente="amministratore" data-creazione="2025-04-17T17:02:59.908+02:00"/>
</accordo-servizio-parte-comune>
